source_reference,category,media_filename,storage_path,supabase_public_url,source_locations,notes
/images/1-1.jpg,A. SUPABASE READY,1-1.jpg,images/1-1.jpg,https://ywrgxzulhmklohdsdsme.supabase.co/storage/v1/object/public/yuvatejam-media/images/1-1.jpg,lib\data\pages-data.ts,Exact filename exists in 134 Supabase migrated records
/images/1-1024x1024.jpg,A. SUPABASE READY,1-1024x1024.jpg,images/1-1024x1024.jpg,https://ywrgxzulhmklohdsdsme.supabase.co/storage/v1/object/public/yuvatejam-media/images/1-1024x1024.jpg,app\page.tsx; lib\data\pages-data.ts,Exact filename exists in 134 Supabase migrated records
/images/1-2.jpg,A. SUPABASE READY,1-2.jpg,images/1-2.jpg,https://ywrgxzulhmklohdsdsme.supabase.co/storage/v1/object/public/yuvatejam-media/images/1-2.jpg,lib\data\pages-data.ts,Exact filename exists in 134 Supabase migrated records
/images/1-768x768.jpg,A. SUPABASE READY,1-768x768.jpg,images/1-768x768.jpg,https://ywrgxzulhmklohdsdsme.supabase.co/storage/v1/object/public/yuvatejam-media/images/1-768x768.jpg,lib\data\pages-data.ts,Exact filename exists in 134 Supabase migrated records
/images/1.jpeg,A. SUPABASE READY,1.jpeg,images/1.jpeg,https://ywrgxzulhmklohdsdsme.supabase.co/storage/v1/object/public/yuvatejam-media/images/1.jpeg,lib\data\pages-data.ts,Exact filename exists in 134 Supabase migrated records
/images/1.jpg,A. SUPABASE READY,1.jpg,images/1.jpg,https://ywrgxzulhmklohdsdsme.supabase.co/storage/v1/object/public/yuvatejam-media/images/1.jpg,lib\data\pages-data.ts,Exact filename exists in 134 Supabase migrated records
/images/10-1.jpg,A. SUPABASE READY,10-1.jpg,images/10-1.jpg,https://ywrgxzulhmklohdsdsme.supabase.co/storage/v1/object/public/yuvatejam-media/images/10-1.jpg,lib\data\pages-data.ts,Exact filename exists in 134 Supabase migrated records
/images/10.jpg,A. SUPABASE READY,10.jpg,images/10.jpg,https://ywrgxzulhmklohdsdsme.supabase.co/storage/v1/object/public/yuvatejam-media/images/10.jpg,lib\data\pages-data.ts,Exact filename exists in 134 Supabase migrated records
/images/11-1.jpg,A. SUPABASE READY,11-1.jpg,images/11-1.jpg,https://ywrgxzulhmklohdsdsme.supabase.co/storage/v1/object/public/yuvatejam-media/images/11-1.jpg,lib\data\pages-data.ts,Exact filename exists in 134 Supabase migrated records
/images/11.jpg,A. SUPABASE READY,11.jpg,images/11.jpg,https://ywrgxzulhmklohdsdsme.supabase.co/storage/v1/object/public/yuvatejam-media/images/11.jpg,lib\data\pages-data.ts,Exact filename exists in 134 Supabase migrated records
/images/12-1.jpg,A. SUPABASE READY,12-1.jpg,images/12-1.jpg,https://ywrgxzulhmklohdsdsme.supabase.co/storage/v1/object/public/yuvatejam-media/images/12-1.jpg,lib\data\pages-data.ts,Exact filename exists in 134 Supabase migrated records
/images/12.jpg,A. SUPABASE READY,12.jpg,images/12.jpg,https://ywrgxzulhmklohdsdsme.supabase.co/storage/v1/object/public/yuvatejam-media/images/12.jpg,lib\data\pages-data.ts,Exact filename exists in 134 Supabase migrated records
/images/13-1.jpg,A. SUPABASE READY,13-1.jpg,images/13-1.jpg,https://ywrgxzulhmklohdsdsme.supabase.co/storage/v1/object/public/yuvatejam-media/images/13-1.jpg,lib\data\pages-data.ts,Exact filename exists in 134 Supabase migrated records
/images/13-2.jpg,A. SUPABASE READY,13-2.jpg,images/13-2.jpg,https://ywrgxzulhmklohdsdsme.supabase.co/storage/v1/object/public/yuvatejam-media/images/13-2.jpg,app\page.tsx; lib\data\pages-data.ts,Exact filename exists in 134 Supabase migrated records
/images/13.jpg,A. SUPABASE READY,13.jpg,images/13.jpg,https://ywrgxzulhmklohdsdsme.supabase.co/storage/v1/object/public/yuvatejam-media/images/13.jpg,lib\data\pages-data.ts,Exact filename exists in 134 Supabase migrated records
/images/14-2.jpg,A. SUPABASE READY,14-2.jpg,images/14-2.jpg,https://ywrgxzulhmklohdsdsme.supabase.co/storage/v1/object/public/yuvatejam-media/images/14-2.jpg,lib\data\pages-data.ts,Exact filename exists in 134 Supabase migrated records
/images/14-3.jpg,A. SUPABASE READY,14-3.jpg,images/14-3.jpg,https://ywrgxzulhmklohdsdsme.supabase.co/storage/v1/object/public/yuvatejam-media/images/14-3.jpg,lib\data\pages-data.ts,Exact filename exists in 134 Supabase migrated records
/images/14.jpg,A. SUPABASE READY,14.jpg,images/14.jpg,https://ywrgxzulhmklohdsdsme.supabase.co/storage/v1/object/public/yuvatejam-media/images/14.jpg,app\page.tsx; lib\data\pages-data.ts,Exact filename exists in 134 Supabase migrated records
/images/15.jpg,A. SUPABASE READY,15.jpg,images/15.jpg,https://ywrgxzulhmklohdsdsme.supabase.co/storage/v1/object/public/yuvatejam-media/images/15.jpg,lib\data\pages-data.ts,Exact filename exists in 134 Supabase migrated records
/images/16-1.jpg,A. SUPABASE READY,16-1.jpg,images/16-1.jpg,https://ywrgxzulhmklohdsdsme.supabase.co/storage/v1/object/public/yuvatejam-media/images/16-1.jpg,lib\data\pages-data.ts,Exact filename exists in 134 Supabase migrated records
/images/16.jpg,A. SUPABASE READY,16.jpg,images/16.jpg,https://ywrgxzulhmklohdsdsme.supabase.co/storage/v1/object/public/yuvatejam-media/images/16.jpg,lib\data\pages-data.ts,Exact filename exists in 134 Supabase migrated records
/images/17-1.jpg,A. SUPABASE READY,17-1.jpg,images/17-1.jpg,https://ywrgxzulhmklohdsdsme.supabase.co/storage/v1/object/public/yuvatejam-media/images/17-1.jpg,lib\data\pages-data.ts,Exact filename exists in 134 Supabase migrated records
/images/17.jpg,A. SUPABASE READY,17.jpg,images/17.jpg,https://ywrgxzulhmklohdsdsme.supabase.co/storage/v1/object/public/yuvatejam-media/images/17.jpg,lib\data\pages-data.ts,Exact filename exists in 134 Supabase migrated records
/images/18-1.jpg,A. SUPABASE READY,18-1.jpg,images/18-1.jpg,https://ywrgxzulhmklohdsdsme.supabase.co/storage/v1/object/public/yuvatejam-media/images/18-1.jpg,lib\data\pages-data.ts,Exact filename exists in 134 Supabase migrated records
/images/18.jpg,A. SUPABASE READY,18.jpg,images/18.jpg,https://ywrgxzulhmklohdsdsme.supabase.co/storage/v1/object/public/yuvatejam-media/images/18.jpg,lib\data\pages-data.ts,Exact filename exists in 134 Supabase migrated records
/images/19-e1730004655733.jpg,A. SUPABASE READY,19-e1730004655733.jpg,images/19-e1730004655733.jpg,https://ywrgxzulhmklohdsdsme.supabase.co/storage/v1/object/public/yuvatejam-media/images/19-e1730004655733.jpg,lib\data\pages-data.ts,Exact filename exists in 134 Supabase migrated records
/images/19.jpg,A. SUPABASE READY,19.jpg,images/19.jpg,https://ywrgxzulhmklohdsdsme.supabase.co/storage/v1/object/public/yuvatejam-media/images/19.jpg,lib\data\pages-data.ts,Exact filename exists in 134 Supabase migrated records
/images/2-1.jpg,A. SUPABASE READY,2-1.jpg,images/2-1.jpg,https://ywrgxzulhmklohdsdsme.supabase.co/storage/v1/object/public/yuvatejam-media/images/2-1.jpg,app\page.tsx; lib\data\pages-data.ts,Exact filename exists in 134 Supabase migrated records
/images/2-2.jpg,A. SUPABASE READY,2-2.jpg,images/2-2.jpg,https://ywrgxzulhmklohdsdsme.supabase.co/storage/v1/object/public/yuvatejam-media/images/2-2.jpg,lib\data\pages-data.ts,Exact filename exists in 134 Supabase migrated records
/images/2-e1730003683288.jpg,A. SUPABASE READY,2-e1730003683288.jpg,images/2-e1730003683288.jpg,https://ywrgxzulhmklohdsdsme.supabase.co/storage/v1/object/public/yuvatejam-media/images/2-e1730003683288.jpg,lib\data\pages-data.ts,Exact filename exists in 134 Supabase migrated records
/images/20.jpg,A. SUPABASE READY,20.jpg,images/20.jpg,https://ywrgxzulhmklohdsdsme.supabase.co/storage/v1/object/public/yuvatejam-media/images/20.jpg,lib\data\pages-data.ts,Exact filename exists in 134 Supabase migrated records
/images/21.jpg,A. SUPABASE READY,21.jpg,images/21.jpg,https://ywrgxzulhmklohdsdsme.supabase.co/storage/v1/object/public/yuvatejam-media/images/21.jpg,app\page.tsx; lib\data\pages-data.ts,Exact filename exists in 134 Supabase migrated records
/images/22.jpg,A. SUPABASE READY,22.jpg,images/22.jpg,https://ywrgxzulhmklohdsdsme.supabase.co/storage/v1/object/public/yuvatejam-media/images/22.jpg,lib\data\pages-data.ts,Exact filename exists in 134 Supabase migrated records
/images/23.jpg,A. SUPABASE READY,23.jpg,images/23.jpg,https://ywrgxzulhmklohdsdsme.supabase.co/storage/v1/object/public/yuvatejam-media/images/23.jpg,lib\data\pages-data.ts,Exact filename exists in 134 Supabase migrated records
/images/24.jpg,A. SUPABASE READY,24.jpg,images/24.jpg,https://ywrgxzulhmklohdsdsme.supabase.co/storage/v1/object/public/yuvatejam-media/images/24.jpg,lib\data\pages-data.ts,Exact filename exists in 134 Supabase migrated records
/images/3-1.jpg,A. SUPABASE READY,3-1.jpg,images/3-1.jpg,https://ywrgxzulhmklohdsdsme.supabase.co/storage/v1/object/public/yuvatejam-media/images/3-1.jpg,lib\data\pages-data.ts,Exact filename exists in 134 Supabase migrated records
/images/3-1024x767.jpg,A. SUPABASE READY,3-1024x767.jpg,images/3-1024x767.jpg,https://ywrgxzulhmklohdsdsme.supabase.co/storage/v1/object/public/yuvatejam-media/images/3-1024x767.jpg,app\page.tsx; lib\data\pages-data.ts,Exact filename exists in 134 Supabase migrated records
/images/3.jpg,A. SUPABASE READY,3.jpg,images/3.jpg,https://ywrgxzulhmklohdsdsme.supabase.co/storage/v1/object/public/yuvatejam-media/images/3.jpg,lib\data\pages-data.ts,Exact filename exists in 134 Supabase migrated records
/images/4-1.jpg,A. SUPABASE READY,4-1.jpg,images/4-1.jpg,https://ywrgxzulhmklohdsdsme.supabase.co/storage/v1/object/public/yuvatejam-media/images/4-1.jpg,lib\data\pages-data.ts,Exact filename exists in 134 Supabase migrated records
/images/4-2.jpg,A. SUPABASE READY,4-2.jpg,images/4-2.jpg,https://ywrgxzulhmklohdsdsme.supabase.co/storage/v1/object/public/yuvatejam-media/images/4-2.jpg,lib\data\pages-data.ts,Exact filename exists in 134 Supabase migrated records
/images/4.jpg,A. SUPABASE READY,4.jpg,images/4.jpg,https://ywrgxzulhmklohdsdsme.supabase.co/storage/v1/object/public/yuvatejam-media/images/4.jpg,lib\data\pages-data.ts,Exact filename exists in 134 Supabase migrated records
/images/5-1.jpg,A. SUPABASE READY,5-1.jpg,images/5-1.jpg,https://ywrgxzulhmklohdsdsme.supabase.co/storage/v1/object/public/yuvatejam-media/images/5-1.jpg,lib\data\pages-data.ts,Exact filename exists in 134 Supabase migrated records
/images/5.jpg,A. SUPABASE READY,5.jpg,images/5.jpg,https://ywrgxzulhmklohdsdsme.supabase.co/storage/v1/object/public/yuvatejam-media/images/5.jpg,lib\data\pages-data.ts,Exact filename exists in 134 Supabase migrated records
/images/6-1.jpg,A. SUPABASE READY,6-1.jpg,images/6-1.jpg,https://ywrgxzulhmklohdsdsme.supabase.co/storage/v1/object/public/yuvatejam-media/images/6-1.jpg,lib\data\pages-data.ts,Exact filename exists in 134 Supabase migrated records
/images/6-2.jpg,A. SUPABASE READY,6-2.jpg,images/6-2.jpg,https://ywrgxzulhmklohdsdsme.supabase.co/storage/v1/object/public/yuvatejam-media/images/6-2.jpg,lib\data\pages-data.ts,Exact filename exists in 134 Supabase migrated records
/images/6.jpg,A. SUPABASE READY,6.jpg,images/6.jpg,https://ywrgxzulhmklohdsdsme.supabase.co/storage/v1/object/public/yuvatejam-media/images/6.jpg,lib\data\pages-data.ts,Exact filename exists in 134 Supabase migrated records
/images/7-1.jpg,A. SUPABASE READY,7-1.jpg,images/7-1.jpg,https://ywrgxzulhmklohdsdsme.supabase.co/storage/v1/object/public/yuvatejam-media/images/7-1.jpg,lib\data\pages-data.ts,Exact filename exists in 134 Supabase migrated records
/images/7.jpg,A. SUPABASE READY,7.jpg,images/7.jpg,https://ywrgxzulhmklohdsdsme.supabase.co/storage/v1/object/public/yuvatejam-media/images/7.jpg,lib\data\pages-data.ts,Exact filename exists in 134 Supabase migrated records
/images/8-1.jpg,A. SUPABASE READY,8-1.jpg,images/8-1.jpg,https://ywrgxzulhmklohdsdsme.supabase.co/storage/v1/object/public/yuvatejam-media/images/8-1.jpg,lib\data\pages-data.ts,Exact filename exists in 134 Supabase migrated records
/images/8.jpg,A. SUPABASE READY,8.jpg,images/8.jpg,https://ywrgxzulhmklohdsdsme.supabase.co/storage/v1/object/public/yuvatejam-media/images/8.jpg,lib\data\pages-data.ts,Exact filename exists in 134 Supabase migrated records
/images/9-1.jpg,A. SUPABASE READY,9-1.jpg,images/9-1.jpg,https://ywrgxzulhmklohdsdsme.supabase.co/storage/v1/object/public/yuvatejam-media/images/9-1.jpg,lib\data\pages-data.ts,Exact filename exists in 134 Supabase migrated records
/images/9.jpg,A. SUPABASE READY,9.jpg,images/9.jpg,https://ywrgxzulhmklohdsdsme.supabase.co/storage/v1/object/public/yuvatejam-media/images/9.jpg,lib\data\pages-data.ts,Exact filename exists in 134 Supabase migrated records
/images/Anjani-mam--150x150.jpg,A. SUPABASE READY,Anjani-mam--150x150.jpg,images/Anjani-mam--150x150.jpg,https://ywrgxzulhmklohdsdsme.supabase.co/storage/v1/object/public/yuvatejam-media/images/Anjani-mam--150x150.jpg,lib\data\pages-data.ts,Exact filename exists in 134 Supabase migrated records
/images/D.jpg,A. SUPABASE READY,D.jpg,images/D.jpg,https://ywrgxzulhmklohdsdsme.supabase.co/storage/v1/object/public/yuvatejam-media/images/D.jpg,lib\data\pages-data.ts,Exact filename exists in 134 Supabase migrated records
/images/Dr.SHAIK-karimulla-Founder-and-Chairman.jpg,A. SUPABASE READY,Dr.SHAIK-karimulla-Founder-and-Chairman.jpg,images/Dr.SHAIK-karimulla-Founder-and-Chairman.jpg,https://ywrgxzulhmklohdsdsme.supabase.co/storage/v1/object/public/yuvatejam-media/images/Dr.SHAIK-karimulla-Founder-and-Chairman.jpg,app\page.tsx,Exact filename exists in 134 Supabase migrated records
/images/E.jpg,A. SUPABASE READY,E.jpg,images/E.jpg,https://ywrgxzulhmklohdsdsme.supabase.co/storage/v1/object/public/yuvatejam-media/images/E.jpg,lib\data\pages-data.ts,Exact filename exists in 134 Supabase migrated records
/images/Education-Schoogalleryl.png,A. SUPABASE READY,Education-Schoogalleryl.png,images/Education-Schoogalleryl.png,https://ywrgxzulhmklohdsdsme.supabase.co/storage/v1/object/public/yuvatejam-media/images/Education-Schoogalleryl.png,lib\data\pages-data.ts,Exact filename exists in 134 Supabase migrated records
/images/F.jpg,A. SUPABASE READY,F.jpg,images/F.jpg,https://ywrgxzulhmklohdsdsme.supabase.co/storage/v1/object/public/yuvatejam-media/images/F.jpg,lib\data\pages-data.ts,Exact filename exists in 134 Supabase migrated records
/images/G.jpg,A. SUPABASE READY,G.jpg,images/G.jpg,https://ywrgxzulhmklohdsdsme.supabase.co/storage/v1/object/public/yuvatejam-media/images/G.jpg,lib\data\pages-data.ts,Exact filename exists in 134 Supabase migrated records
/images/H.jpg,A. SUPABASE READY,H.jpg,images/H.jpg,https://ywrgxzulhmklohdsdsme.supabase.co/storage/v1/object/public/yuvatejam-media/images/H.jpg,lib\data\pages-data.ts,Exact filename exists in 134 Supabase migrated records
/images/IMG-20220416-WA0086-150x150.jpg,A. SUPABASE READY,IMG-20220416-WA0086-150x150.jpg,images/IMG-20220416-WA0086-150x150.jpg,https://ywrgxzulhmklohdsdsme.supabase.co/storage/v1/object/public/yuvatejam-media/images/IMG-20220416-WA0086-150x150.jpg,lib\data\pages-data.ts,Exact filename exists in 134 Supabase migrated records
/images/IMG-20220416-WA0086.jpg,B. LOCAL ONLY,IMG-20220416-WA0086.jpg,N/A,N/A,lib\data\pages-data.ts,Referenced in website code but not in 134 Supabase migrated records
/images/IMG-20250204-WA0005-r10528a94ed9pb7cs4d9m4l1mu028cfx032867z1y8.jpg,A. SUPABASE READY,IMG-20250204-WA0005-r10528a94ed9pb7cs4d9m4l1mu028cfx032867z1y8.jpg,images/IMG-20250204-WA0005-r10528a94ed9pb7cs4d9m4l1mu028cfx032867z1y8.jpg,https://ywrgxzulhmklohdsdsme.supabase.co/storage/v1/object/public/yuvatejam-media/images/IMG-20250204-WA0005-r10528a94ed9pb7cs4d9m4l1mu028cfx032867z1y8.jpg,lib\data\pages-data.ts,Exact filename exists in 134 Supabase migrated records
/images/IMG-20250204-WA0006-r1051f5ca671kxfapd8lx9gmume92ebkrukilr1vs0.jpg,A. SUPABASE READY,IMG-20250204-WA0006-r1051f5ca671kxfapd8lx9gmume92ebkrukilr1vs0.jpg,images/IMG-20250204-WA0006-r1051f5ca671kxfapd8lx9gmume92ebkrukilr1vs0.jpg,https://ywrgxzulhmklohdsdsme.supabase.co/storage/v1/object/public/yuvatejam-media/images/IMG-20250204-WA0006-r1051f5ca671kxfapd8lx9gmume92ebkrukilr1vs0.jpg,lib\data\pages-data.ts,Exact filename exists in 134 Supabase migrated records
/images/IMG-20250204-WA0100.jpg,A. SUPABASE READY,IMG-20250204-WA0100.jpg,images/IMG-20250204-WA0100.jpg,https://ywrgxzulhmklohdsdsme.supabase.co/storage/v1/object/public/yuvatejam-media/images/IMG-20250204-WA0100.jpg,lib\data\pages-data.ts,Exact filename exists in 134 Supabase migrated records
/images/IMG-20250204-WA0101.jpg,A. SUPABASE READY,IMG-20250204-WA0101.jpg,images/IMG-20250204-WA0101.jpg,https://ywrgxzulhmklohdsdsme.supabase.co/storage/v1/object/public/yuvatejam-media/images/IMG-20250204-WA0101.jpg,lib\data\pages-data.ts,Exact filename exists in 134 Supabase migrated records
/images/IMG-20250204-WA0102.jpg,A. SUPABASE READY,IMG-20250204-WA0102.jpg,images/IMG-20250204-WA0102.jpg,https://ywrgxzulhmklohdsdsme.supabase.co/storage/v1/object/public/yuvatejam-media/images/IMG-20250204-WA0102.jpg,lib\data\pages-data.ts,Exact filename exists in 134 Supabase migrated records
/images/IMG-20250206-WA0013-1024x576.jpg,B. LOCAL ONLY,IMG-20250206-WA0013-1024x576.jpg,N/A,N/A,lib\data\pages-data.ts,Referenced in website code but not in 134 Supabase migrated records
/images/IMG-20250206-WA0013-300x169.jpg,A. SUPABASE READY,IMG-20250206-WA0013-300x169.jpg,images/IMG-20250206-WA0013-300x169.jpg,https://ywrgxzulhmklohdsdsme.supabase.co/storage/v1/object/public/yuvatejam-media/images/IMG-20250206-WA0013-300x169.jpg,lib\data\pages-data.ts,Exact filename exists in 134 Supabase migrated records
/images/IMG-20250206-WA0013-768x432.jpg,B. LOCAL ONLY,IMG-20250206-WA0013-768x432.jpg,N/A,N/A,lib\data\pages-data.ts,Referenced in website code but not in 134 Supabase migrated records
/images/IMG-20250206-WA0013.jpg,B. LOCAL ONLY,IMG-20250206-WA0013.jpg,N/A,N/A,lib\data\pages-data.ts,Referenced in website code but not in 134 Supabase migrated records
/images/IMG20220416105337-150x150.jpg,A. SUPABASE READY,IMG20220416105337-150x150.jpg,images/IMG20220416105337-150x150.jpg,https://ywrgxzulhmklohdsdsme.supabase.co/storage/v1/object/public/yuvatejam-media/images/IMG20220416105337-150x150.jpg,lib\data\pages-data.ts,Exact filename exists in 134 Supabase migrated records
/images/IMG20220416105337-scaled.jpg,B. LOCAL ONLY,IMG20220416105337-scaled.jpg,N/A,N/A,lib\data\pages-data.ts,Referenced in website code but not in 134 Supabase migrated records
/images/IMG20220416105414-150x150.jpg,A. SUPABASE READY,IMG20220416105414-150x150.jpg,images/IMG20220416105414-150x150.jpg,https://ywrgxzulhmklohdsdsme.supabase.co/storage/v1/object/public/yuvatejam-media/images/IMG20220416105414-150x150.jpg,lib\data\pages-data.ts,Exact filename exists in 134 Supabase migrated records
/images/IMG20220416105414-scaled.jpg,B. LOCAL ONLY,IMG20220416105414-scaled.jpg,N/A,N/A,lib\data\pages-data.ts,Referenced in website code but not in 134 Supabase migrated records
/images/IMG20220416105427-150x150.jpg,A. SUPABASE READY,IMG20220416105427-150x150.jpg,images/IMG20220416105427-150x150.jpg,https://ywrgxzulhmklohdsdsme.supabase.co/storage/v1/object/public/yuvatejam-media/images/IMG20220416105427-150x150.jpg,lib\data\pages-data.ts,Exact filename exists in 134 Supabase migrated records
/images/IMG20220416105427-scaled.jpg,B. LOCAL ONLY,IMG20220416105427-scaled.jpg,N/A,N/A,lib\data\pages-data.ts,Referenced in website code but not in 134 Supabase migrated records
/images/IMG20220416105431-150x150.jpg,A. SUPABASE READY,IMG20220416105431-150x150.jpg,images/IMG20220416105431-150x150.jpg,https://ywrgxzulhmklohdsdsme.supabase.co/storage/v1/object/public/yuvatejam-media/images/IMG20220416105431-150x150.jpg,lib\data\pages-data.ts,Exact filename exists in 134 Supabase migrated records
/images/IMG20220416105431-scaled.jpg,B. LOCAL ONLY,IMG20220416105431-scaled.jpg,N/A,N/A,lib\data\pages-data.ts,Referenced in website code but not in 134 Supabase migrated records
/images/IMG20220416105455-150x150.jpg,A. SUPABASE READY,IMG20220416105455-150x150.jpg,images/IMG20220416105455-150x150.jpg,https://ywrgxzulhmklohdsdsme.supabase.co/storage/v1/object/public/yuvatejam-media/images/IMG20220416105455-150x150.jpg,lib\data\pages-data.ts,Exact filename exists in 134 Supabase migrated records
/images/IMG20220416105455-scaled.jpg,B. LOCAL ONLY,IMG20220416105455-scaled.jpg,N/A,N/A,lib\data\pages-data.ts,Referenced in website code but not in 134 Supabase migrated records
/images/IMG20220416105634-150x150.jpg,A. SUPABASE READY,IMG20220416105634-150x150.jpg,images/IMG20220416105634-150x150.jpg,https://ywrgxzulhmklohdsdsme.supabase.co/storage/v1/object/public/yuvatejam-media/images/IMG20220416105634-150x150.jpg,lib\data\pages-data.ts,Exact filename exists in 134 Supabase migrated records
/images/IMG20220416105634-scaled.jpg,B. LOCAL ONLY,IMG20220416105634-scaled.jpg,N/A,N/A,lib\data\pages-data.ts,Referenced in website code but not in 134 Supabase migrated records
/images/IMG20220726120415-150x150.jpg,A. SUPABASE READY,IMG20220726120415-150x150.jpg,images/IMG20220726120415-150x150.jpg,https://ywrgxzulhmklohdsdsme.supabase.co/storage/v1/object/public/yuvatejam-media/images/IMG20220726120415-150x150.jpg,lib\data\pages-data.ts,Exact filename exists in 134 Supabase migrated records
/images/IMG20220726120415-scaled.jpg,B. LOCAL ONLY,IMG20220726120415-scaled.jpg,N/A,N/A,lib\data\pages-data.ts,Referenced in website code but not in 134 Supabase migrated records
/images/IMG20220726120436-150x150.jpg,A. SUPABASE READY,IMG20220726120436-150x150.jpg,images/IMG20220726120436-150x150.jpg,https://ywrgxzulhmklohdsdsme.supabase.co/storage/v1/object/public/yuvatejam-media/images/IMG20220726120436-150x150.jpg,lib\data\pages-data.ts,Exact filename exists in 134 Supabase migrated records
/images/IMG20220726120436-scaled.jpg,B. LOCAL ONLY,IMG20220726120436-scaled.jpg,N/A,N/A,lib\data\pages-data.ts,Referenced in website code but not in 134 Supabase migrated records
/images/IMG20220726120533_01-150x150.jpg,A. SUPABASE READY,IMG20220726120533_01-150x150.jpg,images/IMG20220726120533_01-150x150.jpg,https://ywrgxzulhmklohdsdsme.supabase.co/storage/v1/object/public/yuvatejam-media/images/IMG20220726120533_01-150x150.jpg,lib\data\pages-data.ts,Exact filename exists in 134 Supabase migrated records
/images/IMG20220726120533_01.jpg,B. LOCAL ONLY,IMG20220726120533_01.jpg,N/A,N/A,lib\data\pages-data.ts,Referenced in website code but not in 134 Supabase migrated records
/images/Mahesh-150x150.jpg,A. SUPABASE READY,Mahesh-150x150.jpg,images/Mahesh-150x150.jpg,https://ywrgxzulhmklohdsdsme.supabase.co/storage/v1/object/public/yuvatejam-media/images/Mahesh-150x150.jpg,lib\data\pages-data.ts,Exact filename exists in 134 Supabase migrated records
/images/Newteam-288x300.jpg,A. SUPABASE READY,Newteam-288x300.jpg,images/Newteam-288x300.jpg,https://ywrgxzulhmklohdsdsme.supabase.co/storage/v1/object/public/yuvatejam-media/images/Newteam-288x300.jpg,lib\data\pages-data.ts,Exact filename exists in 134 Supabase migrated records
/images/Newteam-768x799.jpg,A. SUPABASE READY,Newteam-768x799.jpg,images/Newteam-768x799.jpg,https://ywrgxzulhmklohdsdsme.supabase.co/storage/v1/object/public/yuvatejam-media/images/Newteam-768x799.jpg,lib\data\pages-data.ts,Exact filename exists in 134 Supabase migrated records
/images/Newteam-985x1024.jpg,A. SUPABASE READY,Newteam-985x1024.jpg,images/Newteam-985x1024.jpg,https://ywrgxzulhmklohdsdsme.supabase.co/storage/v1/object/public/yuvatejam-media/images/Newteam-985x1024.jpg,lib\data\pages-data.ts,Exact filename exists in 134 Supabase migrated records
/images/Newteam.jpg,A. SUPABASE READY,Newteam.jpg,images/Newteam.jpg,https://ywrgxzulhmklohdsdsme.supabase.co/storage/v1/object/public/yuvatejam-media/images/Newteam.jpg,lib\data\pages-data.ts,Exact filename exists in 134 Supabase migrated records
/images/Profile-266x300.jpg,B. LOCAL ONLY,Profile-266x300.jpg,N/A,N/A,lib\data\pages-data.ts,Referenced in website code but not in 134 Supabase migrated records
/images/Profile-768x866.jpg,A. SUPABASE READY,Profile-768x866.jpg,images/Profile-768x866.jpg,https://ywrgxzulhmklohdsdsme.supabase.co/storage/v1/object/public/yuvatejam-media/images/Profile-768x866.jpg,lib\data\pages-data.ts,Exact filename exists in 134 Supabase migrated records
/images/Profile-908x1024.jpg,B. LOCAL ONLY,Profile-908x1024.jpg,N/A,N/A,lib\data\pages-data.ts,Referenced in website code but not in 134 Supabase migrated records
/images/Profile.jpg,B. LOCAL ONLY,Profile.jpg,N/A,N/A,lib\data\pages-data.ts,Referenced in website code but not in 134 Supabase migrated records
/images/Profile1-1071x1536.jpg,B. LOCAL ONLY,Profile1-1071x1536.jpg,N/A,N/A,lib\data\pages-data.ts,Referenced in website code but not in 134 Supabase migrated records
/images/Profile1-209x300.jpg,B. LOCAL ONLY,Profile1-209x300.jpg,N/A,N/A,lib\data\pages-data.ts,Referenced in website code but not in 134 Supabase migrated records
/images/Profile1-714x1024.jpg,B. LOCAL ONLY,Profile1-714x1024.jpg,N/A,N/A,lib\data\pages-data.ts,Referenced in website code but not in 134 Supabase migrated records
/images/Profile1-768x1102.jpg,A. SUPABASE READY,Profile1-768x1102.jpg,images/Profile1-768x1102.jpg,https://ywrgxzulhmklohdsdsme.supabase.co/storage/v1/object/public/yuvatejam-media/images/Profile1-768x1102.jpg,lib\data\pages-data.ts,Exact filename exists in 134 Supabase migrated records
/images/Profile1.jpg,B. LOCAL ONLY,Profile1.jpg,N/A,N/A,lib\data\pages-data.ts,Referenced in website code but not in 134 Supabase migrated records
/images/Profile2-232x300.jpg,B. LOCAL ONLY,Profile2-232x300.jpg,N/A,N/A,lib\data\pages-data.ts,Referenced in website code but not in 134 Supabase migrated records
/images/Profile2-768x994.jpg,A. SUPABASE READY,Profile2-768x994.jpg,images/Profile2-768x994.jpg,https://ywrgxzulhmklohdsdsme.supabase.co/storage/v1/object/public/yuvatejam-media/images/Profile2-768x994.jpg,lib\data\pages-data.ts,Exact filename exists in 134 Supabase migrated records
/images/Profile2-791x1024.jpg,B. LOCAL ONLY,Profile2-791x1024.jpg,N/A,N/A,lib\data\pages-data.ts,Referenced in website code but not in 134 Supabase migrated records
/images/Profile2.jpg,B. LOCAL ONLY,Profile2.jpg,N/A,N/A,lib\data\pages-data.ts,Referenced in website code but not in 134 Supabase migrated records
/images/R-e1753279067440-150x150.jpg,A. SUPABASE READY,R-e1753279067440-150x150.jpg,images/R-e1753279067440-150x150.jpg,https://ywrgxzulhmklohdsdsme.supabase.co/storage/v1/object/public/yuvatejam-media/images/R-e1753279067440-150x150.jpg,lib\data\pages-data.ts,Exact filename exists in 134 Supabase migrated records
/images/S.Abdul-BaseedTreasurer-1014x1024.jpg,A. SUPABASE READY,S.Abdul-BaseedTreasurer-1014x1024.jpg,images/S.Abdul-BaseedTreasurer-1014x1024.jpg,https://ywrgxzulhmklohdsdsme.supabase.co/storage/v1/object/public/yuvatejam-media/images/S.Abdul-BaseedTreasurer-1014x1024.jpg,lib\data\pages-data.ts,Exact filename exists in 134 Supabase migrated records
/images/S.Abdul-BaseedTreasurer-150x150.jpg,B. LOCAL ONLY,S.Abdul-BaseedTreasurer-150x150.jpg,N/A,N/A,lib\data\pages-data.ts,Referenced in website code but not in 134 Supabase migrated records
/images/S.Abdul-BaseedTreasurer-297x300.jpg,B. LOCAL ONLY,S.Abdul-BaseedTreasurer-297x300.jpg,N/A,N/A,lib\data\pages-data.ts,Referenced in website code but not in 134 Supabase migrated records
/images/S.Abdul-BaseedTreasurer-768x776.jpg,B. LOCAL ONLY,S.Abdul-BaseedTreasurer-768x776.jpg,N/A,N/A,lib\data\pages-data.ts,Referenced in website code but not in 134 Supabase migrated records
/images/S.Abdul-BaseedTreasurer.jpg,B. LOCAL ONLY,S.Abdul-BaseedTreasurer.jpg,N/A,N/A,lib\data\pages-data.ts,Referenced in website code but not in 134 Supabase migrated records
/images/Uma-akka-150x150.jpg,A. SUPABASE READY,Uma-akka-150x150.jpg,images/Uma-akka-150x150.jpg,https://ywrgxzulhmklohdsdsme.supabase.co/storage/v1/object/public/yuvatejam-media/images/Uma-akka-150x150.jpg,lib\data\pages-data.ts,Exact filename exists in 134 Supabase migrated records
/images/Untitled-960-x-1440-px-150x150.jpg,A. SUPABASE READY,Untitled-960-x-1440-px-150x150.jpg,images/Untitled-960-x-1440-px-150x150.jpg,https://ywrgxzulhmklohdsdsme.supabase.co/storage/v1/object/public/yuvatejam-media/images/Untitled-960-x-1440-px-150x150.jpg,lib\data\pages-data.ts,Exact filename exists in 134 Supabase migrated records
/images/WhatsApp-Image-2024-10-27-at-10.39.08_110f16d7-1-150x150.jpg,A. SUPABASE READY,WhatsApp-Image-2024-10-27-at-10.39.08_110f16d7-1-150x150.jpg,images/WhatsApp-Image-2024-10-27-at-10.39.08_110f16d7-1-150x150.jpg,https://ywrgxzulhmklohdsdsme.supabase.co/storage/v1/object/public/yuvatejam-media/images/WhatsApp-Image-2024-10-27-at-10.39.08_110f16d7-1-150x150.jpg,lib\data\pages-data.ts,Exact filename exists in 134 Supabase migrated records
/images/WhatsApp-Image-2025-02-04-at-19.24.11_2842bee6-150x150.jpg,A. SUPABASE READY,WhatsApp-Image-2025-02-04-at-19.24.11_2842bee6-150x150.jpg,images/WhatsApp-Image-2025-02-04-at-19.24.11_2842bee6-150x150.jpg,https://ywrgxzulhmklohdsdsme.supabase.co/storage/v1/object/public/yuvatejam-media/images/WhatsApp-Image-2025-02-04-at-19.24.11_2842bee6-150x150.jpg,lib\data\pages-data.ts,Exact filename exists in 134 Supabase migrated records
/images/WhatsApp-Image-2025-02-04-at-23.04.04_139f9698-1024x1024.jpg,A. SUPABASE READY,WhatsApp-Image-2025-02-04-at-23.04.04_139f9698-1024x1024.jpg,images/WhatsApp-Image-2025-02-04-at-23.04.04_139f9698-1024x1024.jpg,https://ywrgxzulhmklohdsdsme.supabase.co/storage/v1/object/public/yuvatejam-media/images/WhatsApp-Image-2025-02-04-at-23.04.04_139f9698-1024x1024.jpg,lib\data\pages-data.ts,Exact filename exists in 134 Supabase migrated records
/images/WhatsApp-Image-2025-02-04-at-23.04.04_139f9698-150x150.jpg,A. SUPABASE READY,WhatsApp-Image-2025-02-04-at-23.04.04_139f9698-150x150.jpg,images/WhatsApp-Image-2025-02-04-at-23.04.04_139f9698-150x150.jpg,https://ywrgxzulhmklohdsdsme.supabase.co/storage/v1/object/public/yuvatejam-media/images/WhatsApp-Image-2025-02-04-at-23.04.04_139f9698-150x150.jpg,lib\data\pages-data.ts,Exact filename exists in 134 Supabase migrated records
/images/WhatsApp-Image-2025-02-04-at-23.04.04_139f9698-300x300.jpg,A. SUPABASE READY,WhatsApp-Image-2025-02-04-at-23.04.04_139f9698-300x300.jpg,images/WhatsApp-Image-2025-02-04-at-23.04.04_139f9698-300x300.jpg,https://ywrgxzulhmklohdsdsme.supabase.co/storage/v1/object/public/yuvatejam-media/images/WhatsApp-Image-2025-02-04-at-23.04.04_139f9698-300x300.jpg,lib\data\pages-data.ts,Exact filename exists in 134 Supabase migrated records
/images/WhatsApp-Image-2025-02-04-at-23.04.04_139f9698-768x768.jpg,A. SUPABASE READY,WhatsApp-Image-2025-02-04-at-23.04.04_139f9698-768x768.jpg,images/WhatsApp-Image-2025-02-04-at-23.04.04_139f9698-768x768.jpg,https://ywrgxzulhmklohdsdsme.supabase.co/storage/v1/object/public/yuvatejam-media/images/WhatsApp-Image-2025-02-04-at-23.04.04_139f9698-768x768.jpg,lib\data\pages-data.ts,Exact filename exists in 134 Supabase migrated records
/images/WhatsApp-Image-2025-02-04-at-23.04.04_139f9698.jpg,A. SUPABASE READY,WhatsApp-Image-2025-02-04-at-23.04.04_139f9698.jpg,images/WhatsApp-Image-2025-02-04-at-23.04.04_139f9698.jpg,https://ywrgxzulhmklohdsdsme.supabase.co/storage/v1/object/public/yuvatejam-media/images/WhatsApp-Image-2025-02-04-at-23.04.04_139f9698.jpg,lib\data\pages-data.ts,Exact filename exists in 134 Supabase migrated records
/images/WhatsApp-Image-2025-02-06-at-18.19.54_d74d447d-1024x480.jpg,A. SUPABASE READY,WhatsApp-Image-2025-02-06-at-18.19.54_d74d447d-1024x480.jpg,images/WhatsApp-Image-2025-02-06-at-18.19.54_d74d447d-1024x480.jpg,https://ywrgxzulhmklohdsdsme.supabase.co/storage/v1/object/public/yuvatejam-media/images/WhatsApp-Image-2025-02-06-at-18.19.54_d74d447d-1024x480.jpg,lib\data\pages-data.ts,Exact filename exists in 134 Supabase migrated records
/images/WhatsApp-Image-2025-02-06-at-18.19.54_d74d447d-300x141.jpg,A. SUPABASE READY,WhatsApp-Image-2025-02-06-at-18.19.54_d74d447d-300x141.jpg,images/WhatsApp-Image-2025-02-06-at-18.19.54_d74d447d-300x141.jpg,https://ywrgxzulhmklohdsdsme.supabase.co/storage/v1/object/public/yuvatejam-media/images/WhatsApp-Image-2025-02-06-at-18.19.54_d74d447d-300x141.jpg,lib\data\pages-data.ts,Exact filename exists in 134 Supabase migrated records
/images/WhatsApp-Image-2025-02-06-at-18.19.54_d74d447d-768x360.jpg,A. SUPABASE READY,WhatsApp-Image-2025-02-06-at-18.19.54_d74d447d-768x360.jpg,images/WhatsApp-Image-2025-02-06-at-18.19.54_d74d447d-768x360.jpg,https://ywrgxzulhmklohdsdsme.supabase.co/storage/v1/object/public/yuvatejam-media/images/WhatsApp-Image-2025-02-06-at-18.19.54_d74d447d-768x360.jpg,lib\data\pages-data.ts,Exact filename exists in 134 Supabase migrated records
/images/WhatsApp-Image-2025-02-06-at-18.19.54_d74d447d.jpg,A. SUPABASE READY,WhatsApp-Image-2025-02-06-at-18.19.54_d74d447d.jpg,images/WhatsApp-Image-2025-02-06-at-18.19.54_d74d447d.jpg,https://ywrgxzulhmklohdsdsme.supabase.co/storage/v1/object/public/yuvatejam-media/images/WhatsApp-Image-2025-02-06-at-18.19.54_d74d447d.jpg,lib\data\pages-data.ts,Exact filename exists in 134 Supabase migrated records
/images/WhatsApp-Image-2025-07-15-at-17.59.13_b833f73c-e1753240313815-150x150.jpg,A. SUPABASE READY,WhatsApp-Image-2025-07-15-at-17.59.13_b833f73c-e1753240313815-150x150.jpg,images/WhatsApp-Image-2025-07-15-at-17.59.13_b833f73c-e1753240313815-150x150.jpg,https://ywrgxzulhmklohdsdsme.supabase.co/storage/v1/object/public/yuvatejam-media/images/WhatsApp-Image-2025-07-15-at-17.59.13_b833f73c-e1753240313815-150x150.jpg,lib\data\pages-data.ts,Exact filename exists in 134 Supabase migrated records
/images/a.jpg,A. SUPABASE READY,a.jpg,images/a.jpg,https://ywrgxzulhmklohdsdsme.supabase.co/storage/v1/object/public/yuvatejam-media/images/a.jpg,lib\data\pages-data.ts,Exact filename exists in 134 Supabase migrated records
/images/about-1.jpg,A. SUPABASE READY,about-1.jpg,images/about-1.jpg,https://ywrgxzulhmklohdsdsme.supabase.co/storage/v1/object/public/yuvatejam-media/images/about-1.jpg,lib\data\pages-data.ts,Exact filename exists in 134 Supabase migrated records
/images/b-150x150.jpg,A. SUPABASE READY,b-150x150.jpg,images/b-150x150.jpg,https://ywrgxzulhmklohdsdsme.supabase.co/storage/v1/object/public/yuvatejam-media/images/b-150x150.jpg,lib\data\pages-data.ts,Exact filename exists in 134 Supabase migrated records
/images/b.jpg,A. SUPABASE READY,b.jpg,images/b.jpg,https://ywrgxzulhmklohdsdsme.supabase.co/storage/v1/object/public/yuvatejam-media/images/b.jpg,lib\data\pages-data.ts,Exact filename exists in 134 Supabase migrated records
/images/banner-1024x515.jpg,A. SUPABASE READY,banner-1024x515.jpg,images/banner-1024x515.jpg,https://ywrgxzulhmklohdsdsme.supabase.co/storage/v1/object/public/yuvatejam-media/images/banner-1024x515.jpg,app\page.tsx; lib\data\pages-data.ts,Exact filename exists in 134 Supabase migrated records
/images/bobby-rodriguezz-631332-unsp5lash.jpg,A. SUPABASE READY,bobby-rodriguezz-631332-unsp5lash.jpg,images/bobby-rodriguezz-631332-unsp5lash.jpg,https://ywrgxzulhmklohdsdsme.supabase.co/storage/v1/object/public/yuvatejam-media/images/bobby-rodriguezz-631332-unsp5lash.jpg,lib\data\pages-data.ts,Exact filename exists in 134 Supabase migrated records
/images/c-150x150.jpg,A. SUPABASE READY,c-150x150.jpg,images/c-150x150.jpg,https://ywrgxzulhmklohdsdsme.supabase.co/storage/v1/object/public/yuvatejam-media/images/c-150x150.jpg,lib\data\pages-data.ts,Exact filename exists in 134 Supabase migrated records
/images/c.jpg,A. SUPABASE READY,c.jpg,images/c.jpg,https://ywrgxzulhmklohdsdsme.supabase.co/storage/v1/object/public/yuvatejam-media/images/c.jpg,lib\data\pages-data.ts,Exact filename exists in 134 Supabase migrated records
/images/client_2_black.png,A. SUPABASE READY,client_2_black.png,images/client_2_black.png,https://ywrgxzulhmklohdsdsme.supabase.co/storage/v1/object/public/yuvatejam-media/images/client_2_black.png,lib\data\pages-data.ts,Exact filename exists in 134 Supabase migrated records
/images/d-150x150.jpg,A. SUPABASE READY,d-150x150.jpg,images/d-150x150.jpg,https://ywrgxzulhmklohdsdsme.supabase.co/storage/v1/object/public/yuvatejam-media/images/d-150x150.jpg,lib\data\pages-data.ts,Exact filename exists in 134 Supabase migrated records
/images/d-300x300.jpg,C. VARIANT / NEEDS REVIEW,d-300x300.jpg,images/D.jpg,https://ywrgxzulhmklohdsdsme.supabase.co/storage/v1/object/public/yuvatejam-media/images/D.jpg,lib\data\pages-data.ts,Resolution variant of base image 'd.jpg' in Supabase
/images/e-150x150.jpg,A. SUPABASE READY,e-150x150.jpg,images/e-150x150.jpg,https://ywrgxzulhmklohdsdsme.supabase.co/storage/v1/object/public/yuvatejam-media/images/e-150x150.jpg,lib\data\pages-data.ts,Exact filename exists in 134 Supabase migrated records
/images/f-1024x1024.jpg,C. VARIANT / NEEDS REVIEW,f-1024x1024.jpg,images/F.jpg,https://ywrgxzulhmklohdsdsme.supabase.co/storage/v1/object/public/yuvatejam-media/images/F.jpg,lib\data\pages-data.ts,Resolution variant of base image 'f.jpg' in Supabase
/images/f-150x150.jpg,A. SUPABASE READY,f-150x150.jpg,images/f-150x150.jpg,https://ywrgxzulhmklohdsdsme.supabase.co/storage/v1/object/public/yuvatejam-media/images/f-150x150.jpg,lib\data\pages-data.ts,Exact filename exists in 134 Supabase migrated records
/images/f-1536x1536.jpg,C. VARIANT / NEEDS REVIEW,f-1536x1536.jpg,images/F.jpg,https://ywrgxzulhmklohdsdsme.supabase.co/storage/v1/object/public/yuvatejam-media/images/F.jpg,lib\data\pages-data.ts,Resolution variant of base image 'f.jpg' in Supabase
/images/f-300x300.jpg,A. SUPABASE READY,f-300x300.jpg,images/f-300x300.jpg,https://ywrgxzulhmklohdsdsme.supabase.co/storage/v1/object/public/yuvatejam-media/images/f-300x300.jpg,lib\data\pages-data.ts,Exact filename exists in 134 Supabase migrated records
/images/f-768x768.jpg,C. VARIANT / NEEDS REVIEW,f-768x768.jpg,images/F.jpg,https://ywrgxzulhmklohdsdsme.supabase.co/storage/v1/object/public/yuvatejam-media/images/F.jpg,lib\data\pages-data.ts,Resolution variant of base image 'f.jpg' in Supabase
/images/jogendar1-150x150.jpg,A. SUPABASE READY,jogendar1-150x150.jpg,images/jogendar1-150x150.jpg,https://ywrgxzulhmklohdsdsme.supabase.co/storage/v1/object/public/yuvatejam-media/images/jogendar1-150x150.jpg,lib\data\pages-data.ts,Exact filename exists in 134 Supabase migrated records
/images/placeholder.png,A. SUPABASE READY,placeholder.png,images/placeholder.png,https://ywrgxzulhmklohdsdsme.supabase.co/storage/v1/object/public/yuvatejam-media/images/placeholder.png,lib\data\pages-data.ts,Exact filename exists in 134 Supabase migrated records
/images/rawpixel-557123-unsplash-1024x683.jpg,A. SUPABASE READY,rawpixel-557123-unsplash-1024x683.jpg,images/rawpixel-557123-unsplash-1024x683.jpg,https://ywrgxzulhmklohdsdsme.supabase.co/storage/v1/object/public/yuvatejam-media/images/rawpixel-557123-unsplash-1024x683.jpg,lib\data\pages-data.ts,Exact filename exists in 134 Supabase migrated records
/images/rawpixel-557123-unsplash-1536x1024.jpg,B. LOCAL ONLY,rawpixel-557123-unsplash-1536x1024.jpg,N/A,N/A,lib\data\pages-data.ts,Referenced in website code but not in 134 Supabase migrated records
/images/rawpixel-557123-unsplash-300x200.jpg,B. LOCAL ONLY,rawpixel-557123-unsplash-300x200.jpg,N/A,N/A,lib\data\pages-data.ts,Referenced in website code but not in 134 Supabase migrated records
/images/rawpixel-557123-unsplash-768x512.jpg,B. LOCAL ONLY,rawpixel-557123-unsplash-768x512.jpg,N/A,N/A,lib\data\pages-data.ts,Referenced in website code but not in 134 Supabase migrated records
/images/rawpixel-557123-unsplash-pts61vf4fgdwgyb50948ogqchzekyta9lmk4ijdhnk.jpg,B. LOCAL ONLY,rawpixel-557123-unsplash-pts61vf4fgdwgyb50948ogqchzekyta9lmk4ijdhnk.jpg,N/A,N/A,lib\data\pages-data.ts,Referenced in website code but not in 134 Supabase migrated records
/images/rawpixel-557123-unsplash.jpg,B. LOCAL ONLY,rawpixel-557123-unsplash.jpg,N/A,N/A,lib\data\pages-data.ts,Referenced in website code but not in 134 Supabase migrated records
/images/slider-1-1024x853.jpg,A. SUPABASE READY,slider-1-1024x853.jpg,images/slider-1-1024x853.jpg,https://ywrgxzulhmklohdsdsme.supabase.co/storage/v1/object/public/yuvatejam-media/images/slider-1-1024x853.jpg,lib\data\pages-data.ts,Exact filename exists in 134 Supabase migrated records
/images/slider-1-300x250.jpg,B. LOCAL ONLY,slider-1-300x250.jpg,N/A,N/A,lib\data\pages-data.ts,Referenced in website code but not in 134 Supabase migrated records
/images/slider-1-768x640.jpg,B. LOCAL ONLY,slider-1-768x640.jpg,N/A,N/A,lib\data\pages-data.ts,Referenced in website code but not in 134 Supabase migrated records
/images/slider-1.jpg,B. LOCAL ONLY,slider-1.jpg,N/A,N/A,lib\data\pages-data.ts,Referenced in website code but not in 134 Supabase migrated records
/images/slider-3.jpg,A. SUPABASE READY,slider-3.jpg,images/slider-3.jpg,https://ywrgxzulhmklohdsdsme.supabase.co/storage/v1/object/public/yuvatejam-media/images/slider-3.jpg,lib\data\pages-data.ts,Exact filename exists in 134 Supabase migrated records
/images/slider.jpg,A. SUPABASE READY,slider.jpg,images/slider.jpg,https://ywrgxzulhmklohdsdsme.supabase.co/storage/v1/object/public/yuvatejam-media/images/slider.jpg,lib\data\pages-data.ts,Exact filename exists in 134 Supabase migrated records
/images/swami-sir-150x150.jpg,A. SUPABASE READY,swami-sir-150x150.jpg,images/swami-sir-150x150.jpg,https://ywrgxzulhmklohdsdsme.supabase.co/storage/v1/object/public/yuvatejam-media/images/swami-sir-150x150.jpg,lib\data\pages-data.ts,Exact filename exists in 134 Supabase migrated records
/images/team_6-150x150.jpg,B. LOCAL ONLY,team_6-150x150.jpg,N/A,N/A,lib\data\pages-data.ts,Referenced in website code but not in 134 Supabase migrated records
/images/team_6-300x300.jpg,B. LOCAL ONLY,team_6-300x300.jpg,N/A,N/A,lib\data\pages-data.ts,Referenced in website code but not in 134 Supabase migrated records
/images/team_6.jpg,B. LOCAL ONLY,team_6.jpg,N/A,N/A,lib\data\pages-data.ts,Referenced in website code but not in 134 Supabase migrated records
/images/trust-main-logo-1024x515.jpg,A. SUPABASE READY,trust-main-logo-1024x515.jpg,images/trust-main-logo-1024x515.jpg,https://ywrgxzulhmklohdsdsme.supabase.co/storage/v1/object/public/yuvatejam-media/images/trust-main-logo-1024x515.jpg,lib\data\pages-data.ts,Exact filename exists in 134 Supabase migrated records
/images/trust-main-logo.jpg,A. SUPABASE READY,trust-main-logo.jpg,images/trust-main-logo.jpg,https://ywrgxzulhmklohdsdsme.supabase.co/storage/v1/object/public/yuvatejam-media/images/trust-main-logo.jpg,components\ui\SafeImage.tsx,Exact filename exists in 134 Supabase migrated records
/images/yuvatejam-trust-logo.png,A. SUPABASE READY,yuvatejam-trust-logo.png,images/yuvatejam-trust-logo.png,https://ywrgxzulhmklohdsdsme.supabase.co/storage/v1/object/public/yuvatejam-media/images/yuvatejam-trust-logo.png,components\layout\Footer.tsx; components\layout\Header.tsx; lib\data\pages-data.ts,Exact filename exists in 134 Supabase migrated records
