filename,extension,file_size_bytes,type_category,target_bucket,target_storage_path
1-1.jpg,.jpg,161609,IMAGE,yuvatejam-media,images/1-1.jpg
1-1024x1024.jpg,.jpg,266677,IMAGE,yuvatejam-media,images/1-1024x1024.jpg
1-2.jpg,.jpg,196679,IMAGE,yuvatejam-media,images/1-2.jpg
1-768x768.jpg,.jpg,157008,IMAGE,yuvatejam-media,images/1-768x768.jpg
1.jpeg,.jpeg,76704,IMAGE,yuvatejam-media,images/1.jpeg
1.jpg,.jpg,60297,IMAGE,yuvatejam-media,images/1.jpg
10-1.jpg,.jpg,123763,IMAGE,yuvatejam-media,images/10-1.jpg
10.jpg,.jpg,97240,IMAGE,yuvatejam-media,images/10.jpg
11-1.jpg,.jpg,104620,IMAGE,yuvatejam-media,images/11-1.jpg
11.jpg,.jpg,110228,IMAGE,yuvatejam-media,images/11.jpg
12-1.jpg,.jpg,71327,IMAGE,yuvatejam-media,images/12-1.jpg
12.jpg,.jpg,87703,IMAGE,yuvatejam-media,images/12.jpg
13-1.jpg,.jpg,64829,IMAGE,yuvatejam-media,images/13-1.jpg
13-2.jpg,.jpg,231887,IMAGE,yuvatejam-media,images/13-2.jpg
13.jpg,.jpg,101073,IMAGE,yuvatejam-media,images/13.jpg
14-2.jpg,.jpg,53553,IMAGE,yuvatejam-media,images/14-2.jpg
14-3.jpg,.jpg,238026,IMAGE,yuvatejam-media,images/14-3.jpg
14.jpg,.jpg,108619,IMAGE,yuvatejam-media,images/14.jpg
15.jpg,.jpg,250145,IMAGE,yuvatejam-media,images/15.jpg
16-1.jpg,.jpg,214375,IMAGE,yuvatejam-media,images/16-1.jpg
16.jpg,.jpg,84270,IMAGE,yuvatejam-media,images/16.jpg
17-1.jpg,.jpg,59607,IMAGE,yuvatejam-media,images/17-1.jpg
17.jpg,.jpg,63479,IMAGE,yuvatejam-media,images/17.jpg
18-1.jpg,.jpg,71748,IMAGE,yuvatejam-media,images/18-1.jpg
18.jpg,.jpg,65781,IMAGE,yuvatejam-media,images/18.jpg
19-e1730004655733.jpg,.jpg,64143,IMAGE,yuvatejam-media,images/19-e1730004655733.jpg
19.jpg,.jpg,73781,IMAGE,yuvatejam-media,images/19.jpg
2-1.jpg,.jpg,63884,IMAGE,yuvatejam-media,images/2-1.jpg
2-2.jpg,.jpg,208275,IMAGE,yuvatejam-media,images/2-2.jpg
2-e1730003683288.jpg,.jpg,94095,IMAGE,yuvatejam-media,images/2-e1730003683288.jpg
20.jpg,.jpg,87218,IMAGE,yuvatejam-media,images/20.jpg
21.jpg,.jpg,138938,IMAGE,yuvatejam-media,images/21.jpg
22.jpg,.jpg,209745,IMAGE,yuvatejam-media,images/22.jpg
23.jpg,.jpg,86870,IMAGE,yuvatejam-media,images/23.jpg
24.jpg,.jpg,124281,IMAGE,yuvatejam-media,images/24.jpg
3-1.jpg,.jpg,177863,IMAGE,yuvatejam-media,images/3-1.jpg
3-1024x767.jpg,.jpg,146322,IMAGE,yuvatejam-media,images/3-1024x767.jpg
3.jpg,.jpg,217948,IMAGE,yuvatejam-media,images/3.jpg
4-1.jpg,.jpg,54487,IMAGE,yuvatejam-media,images/4-1.jpg
4-2.jpg,.jpg,209913,IMAGE,yuvatejam-media,images/4-2.jpg
4.jpg,.jpg,100129,IMAGE,yuvatejam-media,images/4.jpg
5-1.jpg,.jpg,97322,IMAGE,yuvatejam-media,images/5-1.jpg
5.jpg,.jpg,50229,IMAGE,yuvatejam-media,images/5.jpg
6-1.jpg,.jpg,114755,IMAGE,yuvatejam-media,images/6-1.jpg
6-2.jpg,.jpg,224641,IMAGE,yuvatejam-media,images/6-2.jpg
6.jpg,.jpg,113432,IMAGE,yuvatejam-media,images/6.jpg
7-1.jpg,.jpg,101906,IMAGE,yuvatejam-media,images/7-1.jpg
7.jpg,.jpg,110228,IMAGE,yuvatejam-media,images/7.jpg
8-1.jpg,.jpg,44922,IMAGE,yuvatejam-media,images/8-1.jpg
8.jpg,.jpg,85667,IMAGE,yuvatejam-media,images/8.jpg
9-1.jpg,.jpg,118642,IMAGE,yuvatejam-media,images/9-1.jpg
9.jpg,.jpg,59728,IMAGE,yuvatejam-media,images/9.jpg
AbstractClientDiscoveryStrategy.php,.php,2927,LEGACY,SKIP,SKIP
AiClient.php,.php,17360,LEGACY,SKIP,SKIP
AiClientExceptionInterface.php,.php,343,LEGACY,SKIP,SKIP
Anjani-mam--150x150.jpg,.jpg,4225,IMAGE,yuvatejam-media,images/Anjani-mam--150x150.jpg
Client.php,.php,4391,LEGACY,SKIP,SKIP
ClientErrorResponseException.php,.php,176,LEGACY,SKIP,SKIP
ClientException.php,.php,199,LEGACY,SKIP,SKIP
ClientExceptionInterface.php,.php,202,LEGACY,SKIP,SKIP
ClientInterface.php,.php,9921,LEGACY,SKIP,SKIP
ClientWithOptionsInterface.php,.php,1025,LEGACY,SKIP,SKIP
D.jpg,.jpg,87226,IMAGE,yuvatejam-media,images/D.jpg
Dr.SHAIK-karimulla-Founder-and-Chairman-1014x1024.jpg,.jpg,131167,IMAGE,yuvatejam-media,images/Dr.SHAIK-karimulla-Founder-and-Chairman-1014x1024.jpg
Dr.SHAIK-karimulla-Founder-and-Chairman-150x150.jpg,.jpg,5157,IMAGE,yuvatejam-media,images/Dr.SHAIK-karimulla-Founder-and-Chairman-150x150.jpg
Dr.SHAIK-karimulla-Founder-and-Chairman-297x300.jpg,.jpg,16025,IMAGE,yuvatejam-media,images/Dr.SHAIK-karimulla-Founder-and-Chairman-297x300.jpg
Dr.SHAIK-karimulla-Founder-and-Chairman-768x776.jpg,.jpg,83999,IMAGE,yuvatejam-media,images/Dr.SHAIK-karimulla-Founder-and-Chairman-768x776.jpg
Dr.SHAIK-karimulla-Founder-and-Chairman.jpg,.jpg,101062,IMAGE,yuvatejam-media,images/Dr.SHAIK-karimulla-Founder-and-Chairman.jpg
E.jpg,.jpg,84084,IMAGE,yuvatejam-media,images/E.jpg
Education-Schoogalleryl.png,.png,160143,IMAGE,yuvatejam-media,images/Education-Schoogalleryl.png
F.jpg,.jpg,53209,IMAGE,yuvatejam-media,images/F.jpg
FileClient.php,.php,2267,LEGACY,SKIP,SKIP
G.jpg,.jpg,70242,IMAGE,yuvatejam-media,images/G.jpg
H.jpg,.jpg,54309,IMAGE,yuvatejam-media,images/H.jpg
IMG-20220416-WA0086-150x150.jpg,.jpg,8475,IMAGE,yuvatejam-media,images/IMG-20220416-WA0086-150x150.jpg
IMG-20250204-WA0005-r10528a94ed9pb7cs4d9m4l1mu028cfx032867z1y8.jpg,.jpg,87386,IMAGE,yuvatejam-media,images/IMG-20250204-WA0005-r10528a94ed9pb7cs4d9m4l1mu028cfx032867z1y8.jpg
IMG-20250204-WA0006-r1051f5ca671kxfapd8lx9gmume92ebkrukilr1vs0.jpg,.jpg,168465,IMAGE,yuvatejam-media,images/IMG-20250204-WA0006-r1051f5ca671kxfapd8lx9gmume92ebkrukilr1vs0.jpg
IMG-20250204-WA0100.jpg,.jpg,236802,IMAGE,yuvatejam-media,images/IMG-20250204-WA0100.jpg
IMG-20250204-WA0101.jpg,.jpg,209455,IMAGE,yuvatejam-media,images/IMG-20250204-WA0101.jpg
IMG-20250204-WA0102.jpg,.jpg,226617,IMAGE,yuvatejam-media,images/IMG-20250204-WA0102.jpg
IMG-20250206-WA0013-300x169.jpg,.jpg,12007,IMAGE,yuvatejam-media,images/IMG-20250206-WA0013-300x169.jpg
IMG20220416105337-150x150.jpg,.jpg,8402,IMAGE,yuvatejam-media,images/IMG20220416105337-150x150.jpg
IMG20220416105414-150x150.jpg,.jpg,8376,IMAGE,yuvatejam-media,images/IMG20220416105414-150x150.jpg
IMG20220416105427-150x150.jpg,.jpg,8309,IMAGE,yuvatejam-media,images/IMG20220416105427-150x150.jpg
IMG20220416105431-150x150.jpg,.jpg,8481,IMAGE,yuvatejam-media,images/IMG20220416105431-150x150.jpg
IMG20220416105455-150x150.jpg,.jpg,8277,IMAGE,yuvatejam-media,images/IMG20220416105455-150x150.jpg
IMG20220416105634-150x150.jpg,.jpg,6673,IMAGE,yuvatejam-media,images/IMG20220416105634-150x150.jpg
IMG20220726120415-150x150.jpg,.jpg,9345,IMAGE,yuvatejam-media,images/IMG20220726120415-150x150.jpg
IMG20220726120436-150x150.jpg,.jpg,9596,IMAGE,yuvatejam-media,images/IMG20220726120436-150x150.jpg
IMG20220726120533_01-150x150.jpg,.jpg,8733,IMAGE,yuvatejam-media,images/IMG20220726120533_01-150x150.jpg
InconsistentClientTransferException.php,.php,918,LEGACY,SKIP,SKIP
Mahesh-150x150.jpg,.jpg,7652,IMAGE,yuvatejam-media,images/Mahesh-150x150.jpg
Newteam-150x150.jpg,.jpg,23619,IMAGE,yuvatejam-media,images/Newteam-150x150.jpg
Newteam-288x300.jpg,.jpg,38911,IMAGE,yuvatejam-media,images/Newteam-288x300.jpg
Newteam-768x799.jpg,.jpg,111830,IMAGE,yuvatejam-media,images/Newteam-768x799.jpg
Newteam-985x1024.jpg,.jpg,150055,IMAGE,yuvatejam-media,images/Newteam-985x1024.jpg
Newteam.jpg,.jpg,147482,IMAGE,yuvatejam-media,images/Newteam.jpg
Profile-768x866.jpg,.jpg,110166,IMAGE,yuvatejam-media,images/Profile-768x866.jpg
Profile1-768x1102.jpg,.jpg,145650,IMAGE,yuvatejam-media,images/Profile1-768x1102.jpg
Profile2-768x994.jpg,.jpg,130721,IMAGE,yuvatejam-media,images/Profile2-768x994.jpg
Psr18Client.php,.php,4447,LEGACY,SKIP,SKIP
Psr18ClientDiscovery.php,.php,1038,LEGACY,SKIP,SKIP
R-e1753279067440-150x150.jpg,.jpg,5716,IMAGE,yuvatejam-media,images/R-e1753279067440-150x150.jpg
S.Abdul-BaseedTreasurer-1014x1024.jpg,.jpg,71759,IMAGE,yuvatejam-media,images/S.Abdul-BaseedTreasurer-1014x1024.jpg
StaticClient.php,.php,4647,LEGACY,SKIP,SKIP
Trust-Mai-Logo1-150x150.jpg,.jpg,8314,IMAGE,yuvatejam-media,images/Trust-Mai-Logo1-150x150.jpg
Trust-Mai-Logo1-300x157.jpg,.jpg,12564,IMAGE,yuvatejam-media,images/Trust-Mai-Logo1-300x157.jpg
Trust-Mai-Logo1.jpg,.jpg,30235,IMAGE,yuvatejam-media,images/Trust-Mai-Logo1.jpg
Uma-akka-150x150.jpg,.jpg,7123,IMAGE,yuvatejam-media,images/Uma-akka-150x150.jpg
Untitled-960-x-1440-px-150x150.jpg,.jpg,8896,IMAGE,yuvatejam-media,images/Untitled-960-x-1440-px-150x150.jpg
WhatsApp-Image-2024-10-27-at-10.39.08_110f16d7-1-150x150.jpg,.jpg,4614,IMAGE,yuvatejam-media,images/WhatsApp-Image-2024-10-27-at-10.39.08_110f16d7-1-150x150.jpg
WhatsApp-Image-2024-10-27-at-10.39.08_110f16d7-1-225x300.jpg,.jpg,12085,IMAGE,yuvatejam-media,images/WhatsApp-Image-2024-10-27-at-10.39.08_110f16d7-1-225x300.jpg
WhatsApp-Image-2024-10-27-at-10.39.08_110f16d7-1-768x1024.jpg,.jpg,114767,IMAGE,yuvatejam-media,images/WhatsApp-Image-2024-10-27-at-10.39.08_110f16d7-1-768x1024.jpg
WhatsApp-Image-2024-10-27-at-10.39.08_110f16d7-1.jpg,.jpg,145218,IMAGE,yuvatejam-media,images/WhatsApp-Image-2024-10-27-at-10.39.08_110f16d7-1.jpg
WhatsApp-Image-2024-10-27-at-10.39.08_110f16d7-150x150.jpg,.jpg,4614,IMAGE,yuvatejam-media,images/WhatsApp-Image-2024-10-27-at-10.39.08_110f16d7-150x150.jpg
WhatsApp-Image-2024-10-27-at-10.39.08_110f16d7-225x300.jpg,.jpg,12085,IMAGE,yuvatejam-media,images/WhatsApp-Image-2024-10-27-at-10.39.08_110f16d7-225x300.jpg
WhatsApp-Image-2024-10-27-at-10.39.08_110f16d7-768x1024.jpg,.jpg,114767,IMAGE,yuvatejam-media,images/WhatsApp-Image-2024-10-27-at-10.39.08_110f16d7-768x1024.jpg
WhatsApp-Image-2024-10-27-at-10.39.08_110f16d7-e1730005890353-150x150.jpg,.jpg,4694,IMAGE,yuvatejam-media,images/WhatsApp-Image-2024-10-27-at-10.39.08_110f16d7-e1730005890353-150x150.jpg
WhatsApp-Image-2024-10-27-at-10.39.08_110f16d7-e1730005890353-218x300.jpg,.jpg,11806,IMAGE,yuvatejam-media,images/WhatsApp-Image-2024-10-27-at-10.39.08_110f16d7-e1730005890353-218x300.jpg
WhatsApp-Image-2024-10-27-at-10.39.08_110f16d7-e1730005890353-743x1024.jpg,.jpg,110497,IMAGE,yuvatejam-media,images/WhatsApp-Image-2024-10-27-at-10.39.08_110f16d7-e1730005890353-743x1024.jpg
WhatsApp-Image-2024-10-27-at-10.39.08_110f16d7-e1730005890353-768x1059.jpg,.jpg,117340,IMAGE,yuvatejam-media,images/WhatsApp-Image-2024-10-27-at-10.39.08_110f16d7-e1730005890353-768x1059.jpg
WhatsApp-Image-2024-10-27-at-10.39.08_110f16d7-e1730005890353.jpg,.jpg,150847,IMAGE,yuvatejam-media,images/WhatsApp-Image-2024-10-27-at-10.39.08_110f16d7-e1730005890353.jpg
WhatsApp-Image-2024-10-27-at-10.39.08_110f16d7.jpg,.jpg,145218,IMAGE,yuvatejam-media,images/WhatsApp-Image-2024-10-27-at-10.39.08_110f16d7.jpg
WhatsApp-Image-2024-10-27-at-10.56.28_a692fff5-150x150.jpg,.jpg,4151,IMAGE,yuvatejam-media,images/WhatsApp-Image-2024-10-27-at-10.56.28_a692fff5-150x150.jpg
WhatsApp-Image-2024-10-27-at-10.56.28_a692fff5-225x300.jpg,.jpg,9354,IMAGE,yuvatejam-media,images/WhatsApp-Image-2024-10-27-at-10.56.28_a692fff5-225x300.jpg
WhatsApp-Image-2024-10-27-at-10.56.28_a692fff5-768x1024.jpg,.jpg,73796,IMAGE,yuvatejam-media,images/WhatsApp-Image-2024-10-27-at-10.56.28_a692fff5-768x1024.jpg
WhatsApp-Image-2024-10-27-at-10.56.28_a692fff5-e1730007449768-136x300.jpg,.jpg,8065,IMAGE,yuvatejam-media,images/WhatsApp-Image-2024-10-27-at-10.56.28_a692fff5-e1730007449768-136x300.jpg
WhatsApp-Image-2024-10-27-at-10.56.28_a692fff5-e1730007449768-150x150.jpg,.jpg,5098,IMAGE,yuvatejam-media,images/WhatsApp-Image-2024-10-27-at-10.56.28_a692fff5-e1730007449768-150x150.jpg
WhatsApp-Image-2024-10-27-at-10.56.28_a692fff5-e1730007449768-463x1024.jpg,.jpg,62463,IMAGE,yuvatejam-media,images/WhatsApp-Image-2024-10-27-at-10.56.28_a692fff5-e1730007449768-463x1024.jpg
WhatsApp-Image-2024-10-27-at-10.56.28_a692fff5-e1730007449768.jpg,.jpg,99688,IMAGE,yuvatejam-media,images/WhatsApp-Image-2024-10-27-at-10.56.28_a692fff5-e1730007449768.jpg
WhatsApp-Image-2024-10-27-at-10.56.28_a692fff5.jpg,.jpg,119456,IMAGE,yuvatejam-media,images/WhatsApp-Image-2024-10-27-at-10.56.28_a692fff5.jpg
WhatsApp-Image-2024-11-04-at-20.20.08_d3de00f7-150x150.jpg,.jpg,4557,IMAGE,yuvatejam-media,images/WhatsApp-Image-2024-11-04-at-20.20.08_d3de00f7-150x150.jpg
WhatsApp-Image-2024-11-04-at-20.20.08_d3de00f7-212x300.jpg,.jpg,9871,IMAGE,yuvatejam-media,images/WhatsApp-Image-2024-11-04-at-20.20.08_d3de00f7-212x300.jpg
WhatsApp-Image-2024-11-04-at-20.20.08_d3de00f7.jpg,.jpg,40090,IMAGE,yuvatejam-media,images/WhatsApp-Image-2024-11-04-at-20.20.08_d3de00f7.jpg
WhatsApp-Image-2025-02-04-at-19.24.11_2842bee6-140x300.jpg,.jpg,9658,IMAGE,yuvatejam-media,images/WhatsApp-Image-2025-02-04-at-19.24.11_2842bee6-140x300.jpg
WhatsApp-Image-2025-02-04-at-19.24.11_2842bee6-150x150.jpg,.jpg,5666,IMAGE,yuvatejam-media,images/WhatsApp-Image-2025-02-04-at-19.24.11_2842bee6-150x150.jpg
WhatsApp-Image-2025-02-04-at-19.24.11_2842bee6-477x1024.jpg,.jpg,57085,IMAGE,yuvatejam-media,images/WhatsApp-Image-2025-02-04-at-19.24.11_2842bee6-477x1024.jpg
WhatsApp-Image-2025-02-04-at-19.24.11_2842bee6-716x1536.jpg,.jpg,106748,IMAGE,yuvatejam-media,images/WhatsApp-Image-2025-02-04-at-19.24.11_2842bee6-716x1536.jpg
WhatsApp-Image-2025-02-04-at-19.24.11_2842bee6-768x1647.jpg,.jpg,118543,IMAGE,yuvatejam-media,images/WhatsApp-Image-2025-02-04-at-19.24.11_2842bee6-768x1647.jpg
WhatsApp-Image-2025-02-04-at-19.24.11_2842bee6-955x2048.jpg,.jpg,165571,IMAGE,yuvatejam-media,images/WhatsApp-Image-2025-02-04-at-19.24.11_2842bee6-955x2048.jpg
WhatsApp-Image-2025-02-04-at-19.24.11_2842bee6-scaled.jpg,.jpg,233112,IMAGE,yuvatejam-media,images/WhatsApp-Image-2025-02-04-at-19.24.11_2842bee6-scaled.jpg
WhatsApp-Image-2025-02-04-at-19.24.11_2842bee6.jpg,.jpg,266606,IMAGE,yuvatejam-media,images/WhatsApp-Image-2025-02-04-at-19.24.11_2842bee6.jpg
WhatsApp-Image-2025-02-04-at-19.25.19_1c6ebcf7-1024x1024.jpg,.jpg,98432,IMAGE,yuvatejam-media,images/WhatsApp-Image-2025-02-04-at-19.25.19_1c6ebcf7-1024x1024.jpg
WhatsApp-Image-2025-02-04-at-19.25.19_1c6ebcf7-150x150.jpg,.jpg,5031,IMAGE,yuvatejam-media,images/WhatsApp-Image-2025-02-04-at-19.25.19_1c6ebcf7-150x150.jpg
WhatsApp-Image-2025-02-04-at-19.25.19_1c6ebcf7-300x300.jpg,.jpg,14288,IMAGE,yuvatejam-media,images/WhatsApp-Image-2025-02-04-at-19.25.19_1c6ebcf7-300x300.jpg
WhatsApp-Image-2025-02-04-at-19.25.19_1c6ebcf7-768x768.jpg,.jpg,62320,IMAGE,yuvatejam-media,images/WhatsApp-Image-2025-02-04-at-19.25.19_1c6ebcf7-768x768.jpg
WhatsApp-Image-2025-02-04-at-19.25.19_1c6ebcf7.jpg,.jpg,214403,IMAGE,yuvatejam-media,images/WhatsApp-Image-2025-02-04-at-19.25.19_1c6ebcf7.jpg
WhatsApp-Image-2025-02-04-at-22.12.52_ff8929a1-150x150.jpg,.jpg,7694,IMAGE,yuvatejam-media,images/WhatsApp-Image-2025-02-04-at-22.12.52_ff8929a1-150x150.jpg
WhatsApp-Image-2025-02-04-at-22.12.52_ff8929a1-240x300.jpg,.jpg,20048,IMAGE,yuvatejam-media,images/WhatsApp-Image-2025-02-04-at-22.12.52_ff8929a1-240x300.jpg
WhatsApp-Image-2025-02-04-at-22.12.52_ff8929a1-768x959.jpg,.jpg,112428,IMAGE,yuvatejam-media,images/WhatsApp-Image-2025-02-04-at-22.12.52_ff8929a1-768x959.jpg
WhatsApp-Image-2025-02-04-at-22.12.52_ff8929a1-820x1024.jpg,.jpg,123078,IMAGE,yuvatejam-media,images/WhatsApp-Image-2025-02-04-at-22.12.52_ff8929a1-820x1024.jpg
WhatsApp-Image-2025-02-04-at-22.12.52_ff8929a1-e1738688098868-150x150.jpg,.jpg,8235,IMAGE,yuvatejam-media,images/WhatsApp-Image-2025-02-04-at-22.12.52_ff8929a1-e1738688098868-150x150.jpg
WhatsApp-Image-2025-02-04-at-22.12.52_ff8929a1-e1738688098868-300x223.jpg,.jpg,19049,IMAGE,yuvatejam-media,images/WhatsApp-Image-2025-02-04-at-22.12.52_ff8929a1-e1738688098868-300x223.jpg
WhatsApp-Image-2025-02-04-at-22.12.52_ff8929a1-e1738688098868-768x572.jpg,.jpg,72318,IMAGE,yuvatejam-media,images/WhatsApp-Image-2025-02-04-at-22.12.52_ff8929a1-e1738688098868-768x572.jpg
WhatsApp-Image-2025-02-04-at-22.12.52_ff8929a1-e1738688098868.jpg,.jpg,108374,IMAGE,yuvatejam-media,images/WhatsApp-Image-2025-02-04-at-22.12.52_ff8929a1-e1738688098868.jpg
WhatsApp-Image-2025-02-04-at-22.12.52_ff8929a1.jpg,.jpg,107426,IMAGE,yuvatejam-media,images/WhatsApp-Image-2025-02-04-at-22.12.52_ff8929a1.jpg
WhatsApp-Image-2025-02-04-at-23.04.04_139f9698-1024x1024.jpg,.jpg,101546,IMAGE,yuvatejam-media,images/WhatsApp-Image-2025-02-04-at-23.04.04_139f9698-1024x1024.jpg
WhatsApp-Image-2025-02-04-at-23.04.04_139f9698-150x150.jpg,.jpg,6839,IMAGE,yuvatejam-media,images/WhatsApp-Image-2025-02-04-at-23.04.04_139f9698-150x150.jpg
WhatsApp-Image-2025-02-04-at-23.04.04_139f9698-300x300.jpg,.jpg,18136,IMAGE,yuvatejam-media,images/WhatsApp-Image-2025-02-04-at-23.04.04_139f9698-300x300.jpg
WhatsApp-Image-2025-02-04-at-23.04.04_139f9698-768x768.jpg,.jpg,67702,IMAGE,yuvatejam-media,images/WhatsApp-Image-2025-02-04-at-23.04.04_139f9698-768x768.jpg
WhatsApp-Image-2025-02-04-at-23.04.04_139f9698.jpg,.jpg,119661,IMAGE,yuvatejam-media,images/WhatsApp-Image-2025-02-04-at-23.04.04_139f9698.jpg
WhatsApp-Image-2025-02-06-at-18.19.54_d74d447d-1024x480.jpg,.jpg,74901,IMAGE,yuvatejam-media,images/WhatsApp-Image-2025-02-06-at-18.19.54_d74d447d-1024x480.jpg
WhatsApp-Image-2025-02-06-at-18.19.54_d74d447d-150x150.jpg,.jpg,7228,IMAGE,yuvatejam-media,images/WhatsApp-Image-2025-02-06-at-18.19.54_d74d447d-150x150.jpg
WhatsApp-Image-2025-02-06-at-18.19.54_d74d447d-300x141.jpg,.jpg,11815,IMAGE,yuvatejam-media,images/WhatsApp-Image-2025-02-06-at-18.19.54_d74d447d-300x141.jpg
WhatsApp-Image-2025-02-06-at-18.19.54_d74d447d-768x360.jpg,.jpg,49543,IMAGE,yuvatejam-media,images/WhatsApp-Image-2025-02-06-at-18.19.54_d74d447d-768x360.jpg
WhatsApp-Image-2025-02-06-at-18.19.54_d74d447d.jpg,.jpg,65968,IMAGE,yuvatejam-media,images/WhatsApp-Image-2025-02-06-at-18.19.54_d74d447d.jpg
WhatsApp-Image-2025-03-04-at-20.37.18_8f21276c-150x150.jpg,.jpg,5713,IMAGE,yuvatejam-media,images/WhatsApp-Image-2025-03-04-at-20.37.18_8f21276c-150x150.jpg
WhatsApp-Image-2025-03-04-at-20.37.18_8f21276c-214x300.jpg,.jpg,15470,IMAGE,yuvatejam-media,images/WhatsApp-Image-2025-03-04-at-20.37.18_8f21276c-214x300.jpg
WhatsApp-Image-2025-03-04-at-20.37.18_8f21276c-731x1024.jpg,.jpg,101810,IMAGE,yuvatejam-media,images/WhatsApp-Image-2025-03-04-at-20.37.18_8f21276c-731x1024.jpg
WhatsApp-Image-2025-03-04-at-20.37.18_8f21276c-768x1076.jpg,.jpg,112165,IMAGE,yuvatejam-media,images/WhatsApp-Image-2025-03-04-at-20.37.18_8f21276c-768x1076.jpg
WhatsApp-Image-2025-03-04-at-20.37.18_8f21276c.jpg,.jpg,231885,IMAGE,yuvatejam-media,images/WhatsApp-Image-2025-03-04-at-20.37.18_8f21276c.jpg
WhatsApp-Image-2025-07-15-at-17.59.13_b833f73c-134x300.jpg,.jpg,11661,IMAGE,yuvatejam-media,images/WhatsApp-Image-2025-07-15-at-17.59.13_b833f73c-134x300.jpg
WhatsApp-Image-2025-07-15-at-17.59.13_b833f73c-150x150.jpg,.jpg,6807,IMAGE,yuvatejam-media,images/WhatsApp-Image-2025-07-15-at-17.59.13_b833f73c-150x150.jpg
WhatsApp-Image-2025-07-15-at-17.59.13_b833f73c-459x1024.jpg,.jpg,108284,IMAGE,yuvatejam-media,images/WhatsApp-Image-2025-07-15-at-17.59.13_b833f73c-459x1024.jpg
WhatsApp-Image-2025-07-15-at-17.59.13_b833f73c-e1753240313815-150x150.jpg,.jpg,8027,IMAGE,yuvatejam-media,images/WhatsApp-Image-2025-07-15-at-17.59.13_b833f73c-e1753240313815-150x150.jpg
WhatsApp-Image-2025-07-15-at-17.59.13_b833f73c-e1753240313815-253x300.jpg,.jpg,23512,IMAGE,yuvatejam-media,images/WhatsApp-Image-2025-07-15-at-17.59.13_b833f73c-e1753240313815-253x300.jpg
WhatsApp-Image-2025-07-15-at-17.59.13_b833f73c-e1753240313815.jpg,.jpg,92853,IMAGE,yuvatejam-media,images/WhatsApp-Image-2025-07-15-at-17.59.13_b833f73c-e1753240313815.jpg
WhatsApp-Image-2025-07-15-at-17.59.13_b833f73c-e1773154428436-150x150.jpg,.jpg,8018,IMAGE,yuvatejam-media,images/WhatsApp-Image-2025-07-15-at-17.59.13_b833f73c-e1773154428436-150x150.jpg
WhatsApp-Image-2025-07-15-at-17.59.13_b833f73c-e1773154428436-298x300.jpg,.jpg,29082,IMAGE,yuvatejam-media,images/WhatsApp-Image-2025-07-15-at-17.59.13_b833f73c-e1773154428436-298x300.jpg
WhatsApp-Image-2025-07-15-at-17.59.13_b833f73c-e1773154428436.jpg,.jpg,90895,IMAGE,yuvatejam-media,images/WhatsApp-Image-2025-07-15-at-17.59.13_b833f73c-e1773154428436.jpg
WhatsApp-Image-2025-07-15-at-17.59.13_b833f73c.jpg,.jpg,131211,IMAGE,yuvatejam-media,images/WhatsApp-Image-2025-07-15-at-17.59.13_b833f73c.jpg
WhatsApp-Image-2026-02-27-at-22.39.46-150x150.jpeg,.jpeg,6876,IMAGE,yuvatejam-media,images/WhatsApp-Image-2026-02-27-at-22.39.46-150x150.jpeg
WhatsApp-Image-2026-02-27-at-22.39.46-300x300.jpeg,.jpeg,23672,IMAGE,yuvatejam-media,images/WhatsApp-Image-2026-02-27-at-22.39.46-300x300.jpeg
WhatsApp-Image-2026-02-27-at-22.39.46-768x768.jpeg,.jpeg,108328,IMAGE,yuvatejam-media,images/WhatsApp-Image-2026-02-27-at-22.39.46-768x768.jpeg
WhatsApp-Image-2026-02-27-at-22.39.46.jpeg,.jpeg,145368,IMAGE,yuvatejam-media,images/WhatsApp-Image-2026-02-27-at-22.39.46.jpeg
WhatsApp-Video-2025-02-04-at-14.45.07_163cbfb9.mp4,.mp4,60095504,VIDEO,yuvatejam-videos,videos/WhatsApp-Video-2025-02-04-at-14.45.07_163cbfb9.mp4
a.jpg,.jpg,76344,IMAGE,yuvatejam-media,images/a.jpg
about-1.jpg,.jpg,121682,IMAGE,yuvatejam-media,images/about-1.jpg
about-team-BIYjWj57.jpg,.jpg,220146,IMAGE,yuvatejam-media,images/about-team-BIYjWj57.jpg
about-team.jpg,.jpg,220146,IMAGE,yuvatejam-media,images/about-team.jpg
ai-client.php,.php,2549,LEGACY,SKIP,SKIP
aioseo-client-logo-1-tH1SYrXg.svg,.svg,28874,IMAGE,yuvatejam-media,images/aioseo-client-logo-1-tH1SYrXg.svg
aioseo-client-logo-1.svg,.svg,28874,IMAGE,yuvatejam-media,images/aioseo-client-logo-1.svg
aioseo-client-logo-10-Bl7JSYeC.svg,.svg,77570,IMAGE,yuvatejam-media,images/aioseo-client-logo-10-Bl7JSYeC.svg
aioseo-client-logo-10.svg,.svg,77570,IMAGE,yuvatejam-media,images/aioseo-client-logo-10.svg
aioseo-client-logo-11-DVMVeIgg.svg,.svg,9903,IMAGE,yuvatejam-media,images/aioseo-client-logo-11-DVMVeIgg.svg
aioseo-client-logo-11.svg,.svg,9903,IMAGE,yuvatejam-media,images/aioseo-client-logo-11.svg
aioseo-client-logo-12-BEkB8B5R.svg,.svg,63178,IMAGE,yuvatejam-media,images/aioseo-client-logo-12-BEkB8B5R.svg
aioseo-client-logo-12.svg,.svg,63178,IMAGE,yuvatejam-media,images/aioseo-client-logo-12.svg
aioseo-client-logo-2-DffWHG7x.svg,.svg,9770,IMAGE,yuvatejam-media,images/aioseo-client-logo-2-DffWHG7x.svg
aioseo-client-logo-2.svg,.svg,9770,IMAGE,yuvatejam-media,images/aioseo-client-logo-2.svg
aioseo-client-logo-3-CJQ3YNjp.svg,.svg,13497,IMAGE,yuvatejam-media,images/aioseo-client-logo-3-CJQ3YNjp.svg
aioseo-client-logo-3.svg,.svg,13497,IMAGE,yuvatejam-media,images/aioseo-client-logo-3.svg
aioseo-client-logo-4-rmUdiF8S.svg,.svg,23012,IMAGE,yuvatejam-media,images/aioseo-client-logo-4-rmUdiF8S.svg
aioseo-client-logo-4.svg,.svg,23012,IMAGE,yuvatejam-media,images/aioseo-client-logo-4.svg
aioseo-client-logo-5-BFbbcR6D.svg,.svg,6349,IMAGE,yuvatejam-media,images/aioseo-client-logo-5-BFbbcR6D.svg
aioseo-client-logo-5.svg,.svg,6349,IMAGE,yuvatejam-media,images/aioseo-client-logo-5.svg
aioseo-client-logo-6-B1Xil_91.svg,.svg,27527,IMAGE,yuvatejam-media,images/aioseo-client-logo-6-B1Xil_91.svg
aioseo-client-logo-6.svg,.svg,27527,IMAGE,yuvatejam-media,images/aioseo-client-logo-6.svg
aioseo-client-logo-7-zu-ySb0j.svg,.svg,10408,IMAGE,yuvatejam-media,images/aioseo-client-logo-7-zu-ySb0j.svg
aioseo-client-logo-7.svg,.svg,10408,IMAGE,yuvatejam-media,images/aioseo-client-logo-7.svg
aioseo-client-logo-8-MyDSqUcV.svg,.svg,8965,IMAGE,yuvatejam-media,images/aioseo-client-logo-8-MyDSqUcV.svg
aioseo-client-logo-8.svg,.svg,8965,IMAGE,yuvatejam-media,images/aioseo-client-logo-8.svg
aioseo-client-logo-9-Cs1wjsF9.svg,.svg,38859,IMAGE,yuvatejam-media,images/aioseo-client-logo-9-Cs1wjsF9.svg
aioseo-client-logo-9.svg,.svg,38859,IMAGE,yuvatejam-media,images/aioseo-client-logo-9.svg
b-150x150.jpg,.jpg,21400,IMAGE,yuvatejam-media,images/b-150x150.jpg
b.jpg,.jpg,70428,IMAGE,yuvatejam-media,images/b.jpg
banner-1024x515.jpg,.jpg,89234,IMAGE,yuvatejam-media,images/banner-1024x515.jpg
banner-150x150.jpg,.jpg,13994,IMAGE,yuvatejam-media,images/banner-150x150.jpg
banner-300x151.jpg,.jpg,17794,IMAGE,yuvatejam-media,images/banner-300x151.jpg
banner-768x386.jpg,.jpg,59961,IMAGE,yuvatejam-media,images/banner-768x386.jpg
banner.jpg,.jpg,141554,IMAGE,yuvatejam-media,images/banner.jpg
bobby-rodriguezz-631332-unsp5lash.jpg,.jpg,9273,IMAGE,yuvatejam-media,images/bobby-rodriguezz-631332-unsp5lash.jpg
c-150x150.jpg,.jpg,1768,IMAGE,yuvatejam-media,images/c-150x150.jpg
c.jpg,.jpg,68834,IMAGE,yuvatejam-media,images/c.jpg
chairman-signature-150x116.png,.png,12345,IMAGE,yuvatejam-media,images/chairman-signature-150x116.png
chairman-signature-300x87.png,.png,17636,IMAGE,yuvatejam-media,images/chairman-signature-300x87.png
chairman-signature.png,.png,29120,IMAGE,yuvatejam-media,images/chairman-signature.png
class-IXR-client.php,.php,4749,LEGACY,SKIP,SKIP
class-IXR-clientmulticall.php,.php,1263,LEGACY,SKIP,SKIP
class-wp-ai-client-ability-function-resolver.php,.php,6309,LEGACY,SKIP,SKIP
class-wp-ai-client-cache.php,.php,6802,LEGACY,SKIP,SKIP
class-wp-ai-client-discovery-strategy.php,.php,1167,LEGACY,SKIP,SKIP
class-wp-ai-client-event-dispatcher.php,.php,2555,LEGACY,SKIP,SKIP
class-wp-ai-client-http-client.php,.php,6768,LEGACY,SKIP,SKIP
class-wp-ai-client-prompt-builder.php,.php,19824,LEGACY,SKIP,SKIP
class-wp-http-ixr-client.php,.php,3516,LEGACY,SKIP,SKIP
client-logo-handler.php,.php,803,LEGACY,SKIP,SKIP
client-logo.css,.css,5847,LEGACY,SKIP,SKIP
client-logo.js,.js,585,LEGACY,SKIP,SKIP
client-logo.php,.php,54214,LEGACY,SKIP,SKIP
client.class.php,.php,2539,LEGACY,SKIP,SKIP
client.js,.js,539,LEGACY,SKIP,SKIP
client_2_black.png,.png,1623,IMAGE,yuvatejam-media,images/client_2_black.png
cropped-logo-1-150x150.png,.png,27278,IMAGE,yuvatejam-media,images/cropped-logo-1-150x150.png
cropped-logo-1-180x180.png,.png,36705,IMAGE,yuvatejam-media,images/cropped-logo-1-180x180.png
cropped-logo-1-192x192.png,.png,40635,IMAGE,yuvatejam-media,images/cropped-logo-1-192x192.png
cropped-logo-1-270x270.png,.png,69855,IMAGE,yuvatejam-media,images/cropped-logo-1-270x270.png
cropped-logo-1-300x300.png,.png,82578,IMAGE,yuvatejam-media,images/cropped-logo-1-300x300.png
cropped-logo-1-32x32.png,.png,2376,IMAGE,yuvatejam-media,images/cropped-logo-1-32x32.png
cropped-logo-1.png,.png,186239,IMAGE,yuvatejam-media,images/cropped-logo-1.png
cropped-logo-133x122.png,.png,6870,IMAGE,yuvatejam-media,images/cropped-logo-133x122.png
cropped-logo-150x150.png,.png,9232,IMAGE,yuvatejam-media,images/cropped-logo-150x150.png
cropped-logo-221x203.png,.png,50380,IMAGE,yuvatejam-media,images/cropped-logo-221x203.png
cropped-logo.png,.png,60517,IMAGE,yuvatejam-media,images/cropped-logo.png
d-150x150.jpg,.jpg,3763,IMAGE,yuvatejam-media,images/d-150x150.jpg
e-150x150.jpg,.jpg,2816,IMAGE,yuvatejam-media,images/e-150x150.jpg
f-150x150.jpg,.jpg,2331,IMAGE,yuvatejam-media,images/f-150x150.jpg
f-300x300.jpg,.jpg,5478,IMAGE,yuvatejam-media,images/f-300x300.jpg
http-client.asset.php,.php,210,LEGACY,SKIP,SKIP
http-client.js,.js,172928,LEGACY,SKIP,SKIP
http-client.min.js,.js,43226,LEGACY,SKIP,SKIP
http-client.min.js.LICENSE.txt,.txt,72,LEGACY,SKIP,SKIP
http-client.strings.js,.js,0,LEGACY,SKIP,SKIP
icon-whatsapp.svg,.svg,604,IMAGE,yuvatejam-media,images/icon-whatsapp.svg
jogendar1-150x150.jpg,.jpg,5973,IMAGE,yuvatejam-media,images/jogendar1-150x150.jpg
our-team.jpeg,.jpeg,323552,IMAGE,yuvatejam-media,images/our-team.jpeg
placeholder.png,.png,6146,IMAGE,yuvatejam-media,images/placeholder.png
provider_client_text.php,.php,377,LEGACY,SKIP,SKIP
rawpixel-557123-unsplash-1024x683.jpg,.jpg,30644,IMAGE,yuvatejam-media,images/rawpixel-557123-unsplash-1024x683.jpg
services-team-photos.php,.php,2934,LEGACY,SKIP,SKIP
slider-1-1024x853.jpg,.jpg,160580,IMAGE,yuvatejam-media,images/slider-1-1024x853.jpg
slider-3.jpg,.jpg,165144,IMAGE,yuvatejam-media,images/slider-3.jpg
slider.jpg,.jpg,156751,IMAGE,yuvatejam-media,images/slider.jpg
swami-sir-150x150.jpg,.jpg,4616,IMAGE,yuvatejam-media,images/swami-sir-150x150.jpg
team-4-col.php,.php,6796,LEGACY,SKIP,SKIP
team-handler.php,.php,770,LEGACY,SKIP,SKIP
team.css,.css,26520,LEGACY,SKIP,SKIP
team.e5a4152e.jpg,.jpg,460811,IMAGE,yuvatejam-media,images/team.e5a4152e.jpg
team.js,.js,515,LEGACY,SKIP,SKIP
team.php,.php,98198,LEGACY,SKIP,SKIP
teamupdraft_logo.png,.png,1805,IMAGE,yuvatejam-media,images/teamupdraft_logo.png
trust-main-logo-1024x515.jpg,.jpg,81715,IMAGE,yuvatejam-media,images/trust-main-logo-1024x515.jpg
trust-main-logo-150x150.jpg,.jpg,7225,IMAGE,yuvatejam-media,images/trust-main-logo-150x150.jpg
trust-main-logo-300x151.jpg,.jpg,13924,IMAGE,yuvatejam-media,images/trust-main-logo-300x151.jpg
trust-main-logo-768x386.jpg,.jpg,54271,IMAGE,yuvatejam-media,images/trust-main-logo-768x386.jpg
trust-main-logo.jpg,.jpg,180642,IMAGE,yuvatejam-media,images/trust-main-logo.jpg
unitecreator_client_text.php,.php,13721,LEGACY,SKIP,SKIP
yuvatejam-trust-logo-150x150.png,.png,35744,IMAGE,yuvatejam-media,images/yuvatejam-trust-logo-150x150.png
yuvatejam-trust-logo-300x300.png,.png,98846,IMAGE,yuvatejam-media,images/yuvatejam-trust-logo-300x300.png
yuvatejam-trust-logo.png,.png,224098,IMAGE,yuvatejam-media,images/yuvatejam-trust-logo.png
